{
  "means": [
    -3.862838278195556,
    -4.783060876730683,
    -6.542812699819485
  ],
  "stds": [
    3.486262071892601,
    4.056359053310209,
    3.344177218364988
  ]
}