{
  "means": [
    -3.8790066034822934,
    -4.795482588377328,
    -6.602022860773094
  ],
  "stds": [
    3.4558033522700464,
    3.9774067418221684,
    3.198959864633507
  ]
}