{
  "means": [
    -1.4591214232031792e-16,
    4.053115064453275e-17,
    2.7155870931836946e-16
  ],
  "stds": [
    0.9999999999999999,
    0.9999999999999999,
    1.0
  ]
}