{
  "means": [
    -1.7083361972119456e-16,
    8.541680986059728e-17,
    -8.541680986059728e-17
  ],
  "stds": [
    1.0,
    0.9999999999999999,
    0.9999999999999999
  ]
}