{
  "means": [
    -2.4894869609504497,
    -5.473761199081405,
    -7.068590877017528
  ],
  "stds": [
    2.9973754271608612,
    3.794547711647284,
    3.341977921813343
  ]
}